[
    {
        "id":1,
        "question":"Which of the following is not a core interface of Hibernate?",
        "a":"Configuration",
        "b":"Criteria",
        "c":"SessionManagement",
        "d":"Session",
        "answer":"c"
    },

    {
        "id":2,
        "question":"SessionFactory is a thread-safe object.",
        "a":"true",
        "b":"false",
        "c": "a and b",
        "d" : "none",
        "answer":"a"
    },

    {
        "id":3,
        "question":"Which of the following methods returns proxy object?",
        "a":"loadDatabase()",
        "b":"getDatabase()",
        "c":"load()",
        "d":"get()",
        "answer":"c"
    }

]